"Sample_ID","depth_mid_cm","age_ka_bp","age_ka_bp_q025","age_ka_bp_q16","age_ka_bp_q84","age_ka_bp_q975","nalk_C29_d2H_permille","nalk_C29_d2H_sd","nalk_C27_conc_ug_g_dw","nalk_C29_conc_ug_g_dw","nalk_C31_conc_ug_g_dw","nalk_C33_conc_ug_g_dw","CPI_C23_33"
"EX-001",28.7,0.116,0.0527,0.0837,0.1484,0.1794,-177.7,2.24,3.875,4.262,0.944,0.508,2.81
"EX-002",29.6,0.1728,0.1072,0.1394,0.2063,0.2384,-170.3,1.48,6.249,6.341,1.091,0.587,8.56
"EX-003",25.4,0.1795,0.1137,0.1459,0.2131,0.2453,-182,0.98,1.525,1.751,0.432,0.232,7.27
"EX-004",36,0.3165,0.2453,0.2802,0.3528,0.3877,-174.7,0.91,1.755,1.824,0.342,0.184,3.48
"EX-005",32.5,0.3317,0.2599,0.295,0.3683,0.4035,-174.3,2.42,4.448,4.65,0.887,,5.79
"EX-006",36.2,0.4368,0.3608,0.398,0.4755,0.5127,-172.7,1.47,5.706,5.905,1.089,0.586,4.12
"EX-007",47.7,0.5639,0.483,0.5226,0.6052,0.6448,-174.3,0.97,5.769,6.08,1.19,0.641,4
"EX-008",48.6,0.715,0.6282,0.6707,0.7593,0.8018,-175,1.84,1.665,1.83,0.405,0.218,7.18
"EX-009",62.4,0.9223,0.8274,0.8739,0.9708,1.0173,-173,,3.448,3.974,0.987,0.532,6.45
"EX-010",71.4,1.1982,1.0925,1.1443,1.2522,1.304,-171.5,1.38,4.702,5.191,1.161,0.625,6.94
"EX-011",78.8,1.2123,1.1059,1.158,1.2665,1.3186,-173.9,1.4,2.351,2.652,0.627,0.337,2.7
"EX-012",111.1,1.9771,1.8408,1.9075,2.0466,2.1134,-182.3,1.94,2.553,2.867,0.67,0.361,8.09
"EX-013",107.8,1.9779,1.8415,1.9083,2.0474,2.1142,-178.1,1.66,4.971,5.944,1.599,0.861,8.88
"EX-014",119.7,2.1614,2.0179,2.0882,2.2346,2.3049,-181.7,0.74,1.907,2.384,0.698,0.376,2.69
"EX-015",131.5,2.4499,2.295,2.3709,2.5289,2.6047,-176.9,0.99,4.213,4.493,0.912,0.491,2.56
"EX-016",132.9,2.5859,2.4257,2.5041,2.6676,2.746,-177.5,2.33,2.223,2.668,0.723,0.389,7.91
"EX-017",145.2,2.7952,2.6269,2.7093,2.8811,2.9636,-183.3,0.81,4.729,5.655,1.52,0.819,6.58
"EX-018",148.6,2.9206,2.7473,2.8322,3.009,3.0939,-180.8,1.18,5.554,6.069,1.321,,4.53
"EX-019",165.2,3.1971,3.013,3.1031,3.291,3.3812,-179,1,4.001,4.41,0.982,0.529,5.17
"EX-020",162.8,3.2163,3.0315,3.122,3.3107,3.4012,-174.6,1.87,6.015,5.971,0.942,0.507,5.32
"EX-021",166.4,3.2677,3.0808,3.1724,3.3631,3.4546,-179.7,2.24,4.736,5.105,1.069,0.576,3.27
"EX-022",173,3.4835,3.2882,3.3838,3.5832,3.6789,-176.8,1.44,4.155,4.244,0.748,0.403,3.36
"EX-023",193.9,3.9287,3.7159,3.8201,4.0373,4.1415,-177.1,0.54,5.972,6.044,1.029,0.554,6.59
"EX-024",202.5,4.0472,3.8297,3.9362,4.1581,4.2646,-175.3,1.64,3.843,3.978,0.734,0.395,3.26
"EX-025",201.4,4.0988,3.8793,3.9868,4.2107,4.3182,-180.2,0.54,4.915,5.175,1.01,0.544,4.72
"EX-026",215.7,4.3588,4.1292,4.2417,4.476,4.5885,-175.2,2.19,2.228,2.233,0.366,0.197,7.19
"EX-027",231,4.6769,4.4347,4.5533,4.8004,4.919,,0.7,4.237,4.702,1.067,0.574,8.59
"EX-028",231,4.7021,4.459,4.578,4.8261,4.9452,-171.5,0.92,1.958,2.002,0.354,0.191,6.37
"EX-029",238.8,4.8812,4.6311,4.7536,5.0089,5.1314,-171.8,2.22,2.818,2.8,0.443,0.238,3.38
"EX-030",243.1,5.0741,4.8164,4.9426,5.2056,5.3318,-169.3,1.15,2.488,2.541,0.447,0.241,4.73
"EX-031",264.6,5.4529,5.1803,5.3138,5.5919,5.7254,-174.9,2.13,4.988,5.052,0.862,0.464,8.41
"EX-032",266.7,5.603,5.3246,5.4609,5.7451,5.8814,-171.2,1.12,6.027,5.922,0.894,0.481,4.63
"EX-033",276.6,5.6258,5.3465,5.4833,5.7684,5.9052,-169.4,,3.089,3.229,0.615,0.331,7.11
"EX-034",278.3,5.806,5.5196,5.6598,5.9521,6.0924,-170.7,0.75,3.852,4.14,0.859,0.463,7.66
"EX-035",287,5.9236,5.6326,5.7751,6.0721,6.2146,-176.4,1.54,5.983,6.33,1.254,0.675,3.44
"EX-036",291.5,5.9978,5.7039,5.8479,6.1478,6.2917,-177.1,2.01,4.623,4.912,0.986,0.531,8.49
"EX-037",294,6.0875,5.7901,5.9358,6.2393,6.3849,-175.3,1.97,4.383,4.644,0.924,0.498,5.26
"EX-038",303.2,6.2038,5.9018,6.0497,6.3579,6.5058,-178.8,0.61,2.447,2.687,0.593,0.319,8.39
"EX-039",302.4,6.3323,6.0252,6.1756,6.4889,6.6393,-168.7,1.87,2.574,2.62,0.455,0.245,3.68
"EX-040",307,6.3475,6.0399,6.1905,6.5044,6.6551,-176.1,1.8,3.631,4.079,0.954,,7.79
"EX-041",309.3,6.4945,6.1811,6.3346,6.6544,6.8079,-171.1,1.91,5.902,6.158,1.167,0.628,2.65
"EX-042",344,7.0576,6.7221,6.8865,7.2288,7.3931,-176.5,0.82,4.68,5.31,1.273,0.685,7.93
"EX-043",342,7.1107,6.7731,6.9384,7.2829,7.4482,-180.2,1.66,2.716,3.149,0.793,0.427,8.82
"EX-044",352.2,7.4057,7.0566,7.2276,7.5839,7.7548,-177.3,0.82,1.506,1.726,0.424,0.228,7.13
"EX-045",361.7,7.5419,7.1875,7.3611,7.7228,7.8964,-173.5,1.76,1.752,1.87,0.381,0.205,8.62
"EX-046",356.6,7.5575,7.2025,7.3764,7.7387,7.9126,-179.9,1.53,4.231,4.825,1.17,0.63,7.64
"EX-047",370.4,7.6854,7.3253,7.5017,7.8691,8.0455,-179.6,0.65,1.995,2.311,0.581,0.313,6.11
"EX-048",366.2,7.7699,7.4065,7.5845,7.9553,8.1333,-179.8,2.39,4.537,5.414,1.449,0.78,3.02
"EX-049",370.1,7.8828,7.515,7.6951,8.0705,8.2506,-181.7,2.47,3.493,4.08,1.044,0.562,3.01
"EX-050",377.8,7.954,7.5834,7.7649,8.143,8.3245,-181.2,2.23,1.458,1.708,0.44,0.237,6.57
"EX-051",389.9,8.1633,7.7845,7.97,8.3566,8.5421,-185.5,1.35,2.67,3.198,0.862,0.464,7.02
"EX-052",404.6,8.5467,8.1529,8.3458,8.7476,8.9405,-178.7,0.82,3.258,3.558,0.772,0.416,4.04
"EX-053",403.6,8.5757,8.1807,8.3741,8.7772,8.9706,-182.3,1.88,4.43,4.848,1.06,0.571,3.55
"EX-054",427.4,8.9739,8.5633,8.7644,9.1834,9.3845,-181.1,1.64,2.112,2.319,0.512,0.276,4.58
"EX-055",448.9,9.371,8.9449,9.1536,9.5884,9.7971,-179.4,0.67,3.285,3.565,0.761,0.41,7.21
"EX-056",439.9,9.4622,9.0325,9.243,9.6815,9.8919,-180.2,1.54,1.79,2.018,0.476,0.256,8.84
"EX-057",460.6,9.6933,9.2545,9.4694,9.9171,10.132,-174.2,1.21,1.728,1.752,0.3,0.162,7.75
"EX-058",464,9.8979,9.4511,9.67,10.1259,10.3447,-171.7,0.65,3.759,3.764,0.615,0.331,3.96
"EX-059",474.1,10.0246,9.5728,9.7941,10.2551,10.4764,-172.5,2.05,3.259,3.453,0.687,0.37,6.24
"EX-060",474.2,10.2146,9.7554,9.9803,10.4489,10.6738,-172.7,0.99,5.177,5.193,0.854,0.46,3.29
"EX-061",535.4,11.4703,10.9619,11.2109,11.7297,11.9788,-170.5,1.62,6.222,6.215,1.005,0.541,5.57
"EX-062",540.8,11.6375,11.1226,11.3748,11.9003,12.1525,-173.6,1.11,3.809,3.948,0.732,0.394,5.37
"EX-063",550.5,11.822,11.2998,11.5556,12.0885,12.3443,-204,1.71,1.996,3.179,1.286,0.692,8.08
"EX-064",555.7,11.9771,11.4488,11.7076,12.2467,12.5054,-205.7,2.35,2.996,4.798,1.951,1.051,6.44
"EX-065",565.6,12.1007,11.5675,11.8287,12.3727,12.6338,-207.4,0.69,1.761,2.934,1.239,0.667,8.08
"EX-066",577.5,12.3075,11.7663,12.0314,12.5837,12.8488,-205.8,1.06,1.574,2.653,1.133,0.61,8.53
"EX-067",583,12.5439,11.9934,12.2631,12.8248,13.0945,-207.7,1.88,2.223,3.77,1.618,0.871,6.81
"EX-068",601.4,12.9344,12.3686,12.6457,13.2231,13.5003,-197.1,2.22,2.039,2.935,1.059,0.57,7.72
"EX-069",599,12.9408,12.3747,12.652,13.2296,13.5069,-196.2,1.11,4.593,6.164,2.023,1.089,5.43
"EX-070",613.5,13.1223,12.5491,12.8298,13.4147,13.6954,-197.9,0.88,2.483,3.476,1.21,0.651,6.34
